<?xml version="1.0" encoding="UTF-8"?>
<!DOCTYPE ClientConf SYSTEM "clientConf.dtd">

<ClientConf>
	<SHPDownloadDir>
		<FlushContent>1</FlushContent>
		<Location>downloads/shp/</Location>
	</SHPDownloadDir>
	<OSMDownloadDir>
		<FlushContent>1</FlushContent>
		<Location>downloads/osm/</Location>
	</OSMDownloadDir>
	<ImagesDir>
		<Location>images/</Location>
	</ImagesDir>
	<IconsDir>
		<Location>icons/</Location>
	</IconsDir>
	<SplashImage>
		<Location>images/splash.jpg</Location>
	</SplashImage>
	<NamingContext>
		<ServerContext>Server</ServerContext>
		<ObjectContext>Context</ObjectContext>
	</NamingContext>
	<Interfaces>
		<ShpDraw>
			<ID>SHPDrawBasic</ID>
			<Kind>Object</Kind>
		</ShpDraw>
		<SHP>
			<ID>SHPShpToDB</ID>
			<Kind>Object</Kind>
		</SHP>
		<Geodetic>
			<ID>ProjectionGeodetic</ID>
			<Kind>Object</Kind>
		</Geodetic>
		<Raster>
			<ID>InfoRaster</ID>
			<Kind>Object</Kind>
		</Raster>
		<Basic>
			<ID>GeoBasic</ID>
			<Kind>Object</Kind>
		</Basic>
		
	</Interfaces>
</ClientConf>