<?xml version="1.0" encoding="UTF-8"?>
<!DOCTYPE ClientConf SYSTEM "serverConf.dtd">

<ServerConf>
	<SHPFilesDirectory>
		<Location>../../../data_files/shp</Location>
	</SHPFilesDirectory>
	<OSMFilesDirectory>
		<Location>../../../data_files/osm</Location>
	</OSMFilesDirectory>
	<NamingContext>
		<ServerContext>Server</ServerContext>
		<ObjectContext>Context</ObjectContext>
		<NameService>NameService</NameService>
	</NamingContext>
	<POA>
		<Name>RootPOA</Name>
	</POA>
	<Contexts>
		<Shp>
			<ID>DBShp</ID>
			<Kind>Object</Kind>
		</Shp>
		<ShpToDB>
			<ID>SHPShpToDB</ID>
			<Kind>Object</Kind>
		</ShpToDB>
		<SHPDraw>
			<ID>SHPDrawBasic</ID>
			<Kind>Object</Kind>
		</SHPDraw>
		<Geodetic>
			<ID>ProjectionGeodetic</ID>
			<Kind>Object</Kind>
		</Geodetic>
		<Raster>
			<ID>InfoRaster</ID>
			<Kind>Object</Kind>
		</Raster>
		<Basic>
			<ID>GeoBasic</ID>
			<Kind>Object</Kind>
		</Basic>
	</Contexts>
</ServerConf>